model,epoch,training_loss,validation_loss,accuracy,validation_accuracy,time,time_per_step,cpu_load,gpu_load,ram_usage
LSTM,1,0.6165011275699351,0.9432416793615043,0.6770010855338455,0.4583395629594537,1743940649.3174624,1265.155406832695,0.0,1.0,74.48136853249862
LSTM,2,0.6010097628014681,1.117327843082256,0.6798243366366864,0.4678164004589808,1743943405.1051645,1153.9512791633606,0.0,1.0,74.01896519977905
