model,epoch,training_loss,validation_loss,accuracy,validation_accuracy,time,time_per_step,cpu_load,gpu_load,ram_usage
LSTM,1,1.3864936437763151,1.3882485926151276,0.2459016393442623,0.3333333333333333,1743885949.5807936,7.754531145095825,0.0,0.9207525099017453,44.491825103759766
LSTM,2,1.3710446709492168,1.357993523279826,0.4959016393442623,0.3333333333333333,1743885949.823412,0.09255385398864746,0.0,0.9149255454230636,44.60480785369873
GRU,1,1.3645210207485763,1.3125013808409374,0.319672131147541,0.3333333333333333,1743885950.1696224,0.1118248701095581,0.0,0.9440170397910597,44.61407661437988
GRU,2,1.3129015535604758,1.2807774792114894,0.5040983606557377,0.3333333333333333,1743885950.413297,0.09308040142059326,0.0,0.9397493437208908,44.603569984436035
