model,epoch,loss,validation_loss,time,accuracy,validation_accuracy
LSTM,1,0.6105544131378179,1.0652532822114622,0.6773867854010892,0.4273961844065403,1743835900.2484124
LSTM,2,0.5882238371349644,1.1173232939347413,0.6812313769449297,0.44074950057913004,1743837048.829905
LSTM,3,0.5861024891269636,0.9921298381088717,0.6818031837411233,0.4367955643861131,1743838192.6146572
LSTM,4,0.5853247330460891,1.0183087523459584,0.6820022372390435,0.43783493622363967,1743839337.8397539
LSTM,5,0.5850945222234758,1.0202251332119077,0.6821696435683693,0.4546720394565004,1743841556.4594245
LSTM,6,0.5850706789509931,1.0315343255223919,0.682309718252091,0.467589431912138,1743842699.026864
LSTM,7,0.5850193390080117,1.1426070864616584,0.6823014468330265,0.45766586266961845,1743843813.3900113
LSTM,8,0.584905047606079,1.0730325092161277,0.6823938709503986,0.4755981792078798,1743844925.789682
