model,epoch,training_loss,validation_loss,accuracy,validation_accuracy,time,time_per_step,cpu_load,gpu_load,ram_usage
LSTM,1,0.6295542042314587,1.0567485640794951,0.6762757696673315,0.45089431536327185,1743893977.504426,1799.7151952981949,0.0,1.0,55.73837418958837
LSTM,2,0.6074909536513304,0.9913597989740205,0.6792381035500532,0.4549204993185998,1743898096.5367966,1716.9675174951553,0.0,1.0,56.12926688917022
LSTM,3,0.603528026423511,0.9219216767947961,0.6798293714864994,0.4696732030835903,1743923590.1939437,1721.4131761789322,0.0,1.0,56.77475735604404
LSTM,4,0.6014380691549047,0.8672930228856306,0.6803144221902425,0.47624551466356535,1743928050.1947324,1843.333388209343,0.0,1.0,59.42121456247362
LSTM,5,0.6000501705175326,0.857511668117983,0.6807264635320035,0.4780330685504182,1743932144.5805478,1716.0630639791489,0.0,1.0,59.43997391337707
